id,func,property_text,info_source,reasoning,gt_snippet,your_category
P189,aws_ring_buffer_acquire,"aws_mem_is_writable(buf.buffer, buf.capacity)",DOMAIN,STRUCTURAL,"/**
 * Copyright Amazon.com, Inc. or its affiliates. All Rights Reserved.
 * SPDX-License-Identifier: Apache-2.0.
 */

#include <aws/common/byte_buf.h>
#include <aws/common/ring_buffer.h>
#include <proof_helpers/make_common_data_structures.h>
#include <proof_helpers/ring_buffer_abstract_states.h>

void aws_ring_buffer_acquire_harness() {
    /* parameters */
    struct aws_byte_buf buf;
    struct aws_ring_buffer ring_buf;

    size_t requested_size;
    size_t ring_buf_size;

    /* assumptions */
    ensure_ring_buffer_has_allocated_members(&ring_buf, ring_buf_size);
    __CPROVER_assume(aws",
P044,aws_array_list_front,list.length,CODE,DIRECT,,
P191,aws_ring_buffer_acquire,"aws_ring_buffer_buf_belongs_to_pool(&ring_buf, &buf)",DOMAIN,STRUCTURAL,"/**
 * Copyright Amazon.com, Inc. or its affiliates. All Rights Reserved.
 * SPDX-License-Identifier: Apache-2.0.
 */

#include <aws/common/byte_buf.h>
#include <aws/common/ring_buffer.h>
#include <proof_helpers/make_common_data_structures.h>
#include <proof_helpers/ring_buffer_abstract_states.h>

void aws_ring_buffer_acquire_harness() {
    /* parameters */
    struct aws_byte_buf buf;
    struct aws_ring_buffer ring_buf;

    size_t requested_size;
    size_t ring_buf_size;

    /* assumptions */
    ensure_ring_buffer_has_allocated_members(&ring_buf, ring_buf_size);
    __CPROVER_assume(aws",
P187,aws_ring_buffer_acquire,aws_byte_buf_is_valid(&_arg_),DOMAIN,STRUCTURAL,"/**
 * Copyright Amazon.com, Inc. or its affiliates. All Rights Reserved.
 * SPDX-License-Identifier: Apache-2.0.
 */

#include <aws/common/byte_buf.h>
#include <aws/common/ring_buffer.h>
#include <proof_helpers/make_common_data_structures.h>
#include <proof_helpers/ring_buffer_abstract_states.h>

void aws_ring_buffer_acquire_harness() {
    /* parameters */
    struct aws_byte_buf buf;
    struct aws_ring_buffer ring_buf;

    size_t requested_size;
    size_t ring_buf_size;

    /* assumptions */
    ensure_ring_buffer_has_allocated_members(&ring_buf, ring_buf_size);
    __CPROVER_assume(aws",
P036,aws_byte_buf_from_empty_array,buf.capacity == capacity,CODE,DIRECT,,
P135,aws_linked_list_insert_before,aws_linked_list_node_prev_is_valid(&_arg_),DOMAIN,STRUCTURAL,"/**
 * Copyright Amazon.com, Inc. or its affiliates. All Rights Reserved.
 * SPDX-License-Identifier: Apache-2.0.
 */

#include <aws/common/linked_list.h>
#include <proof_helpers/make_common_data_structures.h>

void aws_linked_list_insert_before_harness() {
    /* data structure */
    struct aws_linked_list_node before;
    struct aws_linked_list_node before_prev;
    struct aws_linked_list_node to_add;

    before.prev = &before_prev;
    before_prev.next = &before;

    /* perform operation under verification */
    aws_linked_list_insert_before(&before, &to_add);

    /* assertions */
    ",
P190,aws_ring_buffer_acquire,buf.len == 0,CODE,DIRECT,"/**
 * Copyright Amazon.com, Inc. or its affiliates. All Rights Reserved.
 * SPDX-License-Identifier: Apache-2.0.
 */

#include <aws/common/byte_buf.h>
#include <aws/common/ring_buffer.h>
#include <proof_helpers/make_common_data_structures.h>
#include <proof_helpers/ring_buffer_abstract_states.h>

void aws_ring_buffer_acquire_harness() {
    /* parameters */
    struct aws_byte_buf buf;
    struct aws_ring_buffer ring_buf;

    size_t requested_size;
    size_t ring_buf_size;

    /* assumptions */
    ensure_ring_buffer_has_allocated_members(&ring_buf, ring_buf_size);
    __CPROVER_assume(aws",
P026,aws_round_up_to_power_of_two,popcount == 1,CODE,DIRECT,,
P022,aws_mul_size_saturating,r == a * b,CODE,CONDITIONAL,,
P112,aws_byte_cursor_eq_byte_buf,cur.len == buf.len,CODE,CONDITIONAL,"/**
 * Copyright Amazon.com, Inc. or its affiliates. All Rights Reserved.
 * SPDX-License-Identifier: Apache-2.0.
 */

#include <aws/common/byte_buf.h>
#include <proof_helpers/make_common_data_structures.h>

void aws_byte_cursor_eq_byte_buf_harness() {
    /* parameters */
    struct aws_byte_cursor cur;
    struct aws_byte_buf buf;

    /* assumptions */
    __CPROVER_assume(aws_byte_cursor_is_bounded(&cur, MAX_BUFFER_SIZE));
    ensure_byte_cursor_has_allocated_buffer_member(&cur);
    __CPROVER_assume(aws_byte_cursor_is_valid(&cur));
    __CPROVER_assume(aws_byte_buf_is_bounded(&buf, MAX_BU",
P005,aws_array_list_back,list.length != 0,CODE,DIRECT,"/**
 * Copyright Amazon.com, Inc. or its affiliates. All Rights Reserved.
 * SPDX-License-Identifier: Apache-2.0.
 */

#include <aws/common/array_list.h>
#include <proof_helpers/make_common_data_structures.h>

/**
 * Runtime: 19s
 */
void aws_array_list_back_harness() {

    /* data structure */
    struct aws_array_list list;
    void *val = malloc(list.item_size);

    /* assumptions */
    __CPROVER_assume(aws_array_list_is_bounded(&list, MAX_INITIAL_ITEM_ALLOCATION, MAX_ITEM_SIZE));
    ensure_array_list_has_allocated_data_member(&list);
    __CPROVER_assume(aws_array_list_is_valid(&list))",
P046,aws_array_list_clear,list.current_size == old.current_size,CODE,EXHAUSTIVE,,
P003,aws_byte_buf_init,aws_byte_buf_is_valid(&_arg_),DOMAIN,STRUCTURAL,"/**
 * Copyright Amazon.com, Inc. or its affiliates. All Rights Reserved.
 * SPDX-License-Identifier: Apache-2.0.
 */

#include <aws/common/byte_buf.h>
#include <proof_helpers/make_common_data_structures.h>

void aws_byte_buf_init_harness() {
    /* data structure */
    struct aws_byte_buf buf; /* Precondition: buf is non-null */

    /* parameters */
    struct aws_allocator *allocator = aws_default_allocator(); /* Precondition: allocator is non-null */
    size_t capacity;

    if (aws_byte_buf_init(&buf, allocator, capacity) == AWS_OP_SUCCESS) {
        /* assertions */
        assert(aws_",
P128,aws_linked_list_front,front == old_first,CODE,STRUCTURAL,"/**
 * Copyright Amazon.com, Inc. or its affiliates. All Rights Reserved.
 * SPDX-License-Identifier: Apache-2.0.
 */

#include <aws/common/linked_list.h>
#include <proof_helpers/make_common_data_structures.h>

void aws_linked_list_front_harness() {
    /* data structure */
    struct aws_linked_list list;

    ensure_linked_list_is_allocated(&list, MAX_LINKED_LIST_ITEM_ALLOCATION);

    /* Keep the old last node of the linked list */
    struct aws_linked_list_node *old_first = list.head.next;

    /* Assume the preconditions. The function requires that list != NULL */
    __CPROVER_assume(!a",
P119,aws_byte_cursor_from_string,cursor.len == str.len,NL,DIRECT,"/**
 * Copyright Amazon.com, Inc. or its affiliates. All Rights Reserved.
 * SPDX-License-Identifier: Apache-2.0.
 */

#include <aws/common/string.h>
#include <proof_helpers/make_common_data_structures.h>
#include <proof_helpers/utils.h>

void aws_byte_cursor_from_string_harness() {
    struct aws_string *str = nondet_allocate_string_bounded_length(MAX_STRING_LEN);
    __CPROVER_assume(aws_string_is_valid(str));
    struct aws_byte_cursor cursor = aws_byte_cursor_from_string(str);
    assert(aws_string_is_valid(str));
    assert(aws_byte_cursor_is_valid(&cursor));
    assert(cursor.len == str-",
P016,aws_add_size_saturating,r == a + b,CODE,CONDITIONAL,,
P068,aws_array_list_clean_up,aws_is_zeroed(list),DOMAIN,STRUCTURAL,"/**
 * Copyright Amazon.com, Inc. or its affiliates. All Rights Reserved.
 * SPDX-License-Identifier: Apache-2.0.
 */

#include <aws/common/array_list.h>
#include <proof_helpers/make_common_data_structures.h>

/**
 * Runtime: 4s
 */
void aws_array_list_clean_up_harness() {
    /* data structure */
    struct aws_array_list list;

    /* assumptions */
    __CPROVER_assume(aws_array_list_is_bounded(&list, MAX_INITIAL_ITEM_ALLOCATION, MAX_ITEM_SIZE));
    ensure_array_list_has_allocated_data_member(&list);
    __CPROVER_assume(aws_array_list_is_valid(&list));

    /* perform operation under veri",
P161,aws_ring_buffer_buf_belongs_to_pool,aws_byte_buf_is_valid(&_arg_),DOMAIN,STRUCTURAL,"/**
 * Copyright Amazon.com, Inc. or its affiliates. All Rights Reserved.
 * SPDX-License-Identifier: Apache-2.0.
 */

#include <aws/common/byte_buf.h>
#include <aws/common/ring_buffer.h>
#include <proof_helpers/make_common_data_structures.h>

void aws_ring_buffer_buf_belongs_to_pool_harness() {
    /* parameters */
    struct aws_byte_buf buf;
    struct aws_ring_buffer ring_buf;

    size_t ring_buf_size;

    /* assumptions */
    ensure_ring_buffer_has_allocated_members(&ring_buf, ring_buf_size);
    bool is_member = nondet_bool(); /* nondet assignment required to force true/false */
    i",
P110,aws_byte_buf_init_copy_from_cursor,buf.allocator == allocator,NL,DIRECT,"/**
 * Copyright Amazon.com, Inc. or its affiliates. All Rights Reserved.
 * SPDX-License-Identifier: Apache-2.0.
 */

#include <aws/common/byte_buf.h>
#include <proof_helpers/make_common_data_structures.h>

void aws_byte_buf_init_copy_from_cursor_harness() {
    /* data structure */
    struct aws_byte_buf buf;

    /* parameters */
    struct aws_allocator *allocator;
    struct aws_byte_cursor cursor;

    /* assumptions */
    __CPROVER_assume(aws_byte_cursor_is_bounded(&cursor, MAX_BUFFER_SIZE));
    ensure_byte_cursor_has_allocated_buffer_member(&cursor);
    __CPROVER_assume(aws_byte_cu",
P035,aws_byte_buf_from_array,buf.capacity == length,CODE,DIRECT,,
P140,aws_linked_list_next,aws_linked_list_node_prev_is_valid(rval),DOMAIN,STRUCTURAL,"/**
 * Copyright Amazon.com, Inc. or its affiliates. All Rights Reserved.
 * SPDX-License-Identifier: Apache-2.0.
 */

#include <aws/common/linked_list.h>
#include <proof_helpers/make_common_data_structures.h>

void aws_linked_list_next_harness() {
    /* data structure */
    struct aws_linked_list_node node;  // Preconditions require node to not be NULL
    struct aws_linked_list_node after; // Preconditions require after to not be NULL

    /* Assume the preconditions */
    node.next = &after;
    after.prev = &node;

    /* perform operation under verification */
    struct aws_linked_lis",
P007,aws_byte_buf_append,old_to.len == to.len,CODE,EXHAUSTIVE,"/**
 * Copyright Amazon.com, Inc. or its affiliates. All Rights Reserved.
 * SPDX-License-Identifier: Apache-2.0.
 */

#include <aws/common/byte_buf.h>
#include <proof_helpers/make_common_data_structures.h>

void aws_byte_buf_append_harness() {
    struct aws_byte_buf to;
    __CPROVER_assume(aws_byte_buf_is_bounded(&to, MAX_BUFFER_SIZE));
    ensure_byte_buf_has_allocated_buffer_member(&to);
    __CPROVER_assume(aws_byte_buf_is_valid(&to));

    /* save current state of the data structure */
    struct aws_byte_buf to_old = to;

    struct aws_byte_cursor from;
    __CPROVER_assume(aws_byte_c",
P042,aws_array_list_front,"aws_bytes_eq(val, list.data, list.item_size)",CODE,DIRECT,,
P092,aws_array_list_swap,list.alloc == old.alloc,CODE,EXHAUSTIVE,"/**
 * Copyright Amazon.com, Inc. or its affiliates. All Rights Reserved.
 * SPDX-License-Identifier: Apache-2.0.
 */

#include <aws/common/array_list.h>
#include <proof_helpers/make_common_data_structures.h>

/**
 * Runtime: 11s
 */
void aws_array_list_swap_harness() {
    /* data structure */
    struct aws_array_list list;

    /* parameters */
    size_t index_a;
    size_t index_b;

    /* assumptions */
    __CPROVER_assume(aws_array_list_is_bounded(&list, MAX_INITIAL_ITEM_ALLOCATION, MAX_ITEM_SIZE));
    ensure_array_list_has_allocated_data_member(&list);
    __CPROVER_assume(aws_array_",
P043,aws_array_list_front,list.data,CODE,DIRECT,,
P037,aws_byte_cursor_advance,rv.ptr == null,CODE,CONDITIONAL,,
P151,aws_linked_list_swap_contents,a.head.next == old_b.head.next,CODE,STRUCTURAL,"/**
 * Copyright Amazon.com, Inc. or its affiliates. All Rights Reserved.
 * SPDX-License-Identifier: Apache-2.0.
 */

#include <aws/common/linked_list.h>
#include <proof_helpers/make_common_data_structures.h>

void aws_linked_list_swap_contents_harness() {
    /* data structure */
    struct aws_linked_list a, b;

    ensure_linked_list_is_allocated(&a, MAX_LINKED_LIST_ITEM_ALLOCATION);
    ensure_linked_list_is_allocated(&b, MAX_LINKED_LIST_ITEM_ALLOCATION);

    /* Keep the old first node of the linked lists. Note that we need
     * to save the old head address separately from the list its",
P045,aws_array_list_clear,list.alloc == old.alloc,CODE,EXHAUSTIVE,,
P144,aws_linked_list_prev,rval == &before,CODE,DIRECT,"/**
 * Copyright Amazon.com, Inc. or its affiliates. All Rights Reserved.
 * SPDX-License-Identifier: Apache-2.0.
 */

#include <aws/common/linked_list.h>
#include <proof_helpers/make_common_data_structures.h>

void aws_linked_list_prev_harness() {
    /* data structure */
    struct aws_linked_list_node node;   // Preconditions require node to not be NULL
    struct aws_linked_list_node before; // Preconditions require before to not be NULL

    /* Assume the preconditions */
    node.prev = &before;
    before.next = &node;

    /* perform operation under verification */
    struct aws_linke",
P188,aws_ring_buffer_acquire,buf.capacity == requested_size,NL,DIRECT,"/**
 * Copyright Amazon.com, Inc. or its affiliates. All Rights Reserved.
 * SPDX-License-Identifier: Apache-2.0.
 */

#include <aws/common/byte_buf.h>
#include <aws/common/ring_buffer.h>
#include <proof_helpers/make_common_data_structures.h>
#include <proof_helpers/ring_buffer_abstract_states.h>

void aws_ring_buffer_acquire_harness() {
    /* parameters */
    struct aws_byte_buf buf;
    struct aws_ring_buffer ring_buf;

    size_t requested_size;
    size_t ring_buf_size;

    /* assumptions */
    ensure_ring_buffer_has_allocated_members(&ring_buf, ring_buf_size);
    __CPROVER_assume(aws",
P157,aws_nospec_mask,!((index >= bound) || (bound > (size_max / 2)) || (index > (size_max / 2))),CODE,CONDITIONAL,"/**
 * Copyright Amazon.com, Inc. or its affiliates. All Rights Reserved.
 * SPDX-License-Identifier: Apache-2.0.
 */

#include <aws/common/byte_buf.h>
#include <aws/common/private/byte_buf.h>
#include <proof_helpers/make_common_data_structures.h>

void aws_nospec_mask_harness() {
    /* parameters */
    size_t index;
    size_t bound;

    /* operation under verification */
    size_t rval = aws_nospec_mask(index, bound);

    /* assertions */
    if (rval == 0) {
        assert((index >= bound) || (bound > (SIZE_MAX / 2)) || (index > (SIZE_MAX / 2)));
    } else {
        assert(rval == UIN",
P126,aws_linked_list_front,aws_linked_list_node_prev_is_valid(front),DOMAIN,STRUCTURAL,"/**
 * Copyright Amazon.com, Inc. or its affiliates. All Rights Reserved.
 * SPDX-License-Identifier: Apache-2.0.
 */

#include <aws/common/linked_list.h>
#include <proof_helpers/make_common_data_structures.h>

void aws_linked_list_front_harness() {
    /* data structure */
    struct aws_linked_list list;

    ensure_linked_list_is_allocated(&list, MAX_LINKED_LIST_ITEM_ALLOCATION);

    /* Keep the old last node of the linked list */
    struct aws_linked_list_node *old_first = list.head.next;

    /* Assume the preconditions. The function requires that list != NULL */
    __CPROVER_assume(!a",
P062,aws_linked_list_pop_back,list.tail.prev == old_prev_last,CODE,STRUCTURAL,,
P122,aws_linked_list_back,aws_linked_list_node_next_is_valid(back),DOMAIN,STRUCTURAL,"/**
 * Copyright Amazon.com, Inc. or its affiliates. All Rights Reserved.
 * SPDX-License-Identifier: Apache-2.0.
 */

#include <aws/common/linked_list.h>
#include <proof_helpers/make_common_data_structures.h>

void aws_linked_list_back_harness() {
    /* data structure */
    struct aws_linked_list list;

    ensure_linked_list_is_allocated(&list, MAX_LINKED_LIST_ITEM_ALLOCATION);

    /* Keep the old last node of the linked list */
    struct aws_linked_list_node *old_last = list.tail.prev;

    /* Assume the preconditions. The function requires that list != NULL */
    __CPROVER_assume(!aws",
P149,aws_linked_list_remove,prev.next == &next,CODE,STRUCTURAL,"/**
 * Copyright Amazon.com, Inc. or its affiliates. All Rights Reserved.
 * SPDX-License-Identifier: Apache-2.0.
 */

#include <aws/common/linked_list.h>
#include <proof_helpers/make_common_data_structures.h>

void aws_linked_list_remove_harness() {
    /* data structure */
    struct aws_linked_list_node prev;
    struct aws_linked_list_node next;
    struct aws_linked_list_node node;

    /* Assume the preconditions */
    prev.next = &node;
    node.prev = &prev;
    next.prev = &node;
    node.next = &next;

    /* Note: The function has a precondition that node != NULL */

    /* perform",
P172,aws_ring_buffer_release,ring_buf.allocation_end == ring_buf_old.allocation_end,CODE,EXHAUSTIVE,"/**
 * Copyright Amazon.com, Inc. or its affiliates. All Rights Reserved.
 * SPDX-License-Identifier: Apache-2.0.
 */

#include <aws/common/byte_buf.h>
#include <aws/common/ring_buffer.h>
#include <proof_helpers/make_common_data_structures.h>
#include <proof_helpers/ring_buffer_abstract_states.h>

void aws_ring_buffer_release_harness() {
    /* parameters */
    struct aws_byte_buf buf;
    struct aws_ring_buffer ring_buf;

    size_t ring_buf_size;

    /* assumptions */
    ensure_ring_buffer_has_allocated_members(&ring_buf, ring_buf_size);
    __CPROVER_assume(!aws_ring_buffer_is_empty(&rin",
P162,aws_ring_buffer_buf_belongs_to_pool,ring_buf_old == ring_buf,CODE,EXHAUSTIVE,"/**
 * Copyright Amazon.com, Inc. or its affiliates. All Rights Reserved.
 * SPDX-License-Identifier: Apache-2.0.
 */

#include <aws/common/byte_buf.h>
#include <aws/common/ring_buffer.h>
#include <proof_helpers/make_common_data_structures.h>

void aws_ring_buffer_buf_belongs_to_pool_harness() {
    /* parameters */
    struct aws_byte_buf buf;
    struct aws_ring_buffer ring_buf;

    size_t ring_buf_size;

    /* assumptions */
    ensure_ring_buffer_has_allocated_members(&ring_buf, ring_buf_size);
    bool is_member = nondet_bool(); /* nondet assignment required to force true/false */
    i",
P173,aws_string_bytes,aws_string_bytes(str) == str.bytes,CODE,DIRECT,"/**
 * Copyright Amazon.com, Inc. or its affiliates. All Rights Reserved.
 * SPDX-License-Identifier: Apache-2.0.
 */

#include <aws/common/string.h>
#include <proof_helpers/make_common_data_structures.h>

void aws_string_bytes_harness() {
    struct aws_string *str = ensure_string_is_allocated_nondet_length();
    __CPROVER_assume(aws_string_is_valid(str));
    assert(aws_string_bytes(str) == str->bytes);
    assert(aws_string_is_valid(str));
}",
